{"token": "ya29.A0ARrdaM8gHPGHHpWrh_JGBEla-6lm4xVx6iLnyWGU9fPiaUQNAYykGh9SXdjuoqqZc--z6C-OA1DMf1wCIvBrMSK3WcJ9OuEV786bPQTeypQyL0A5cR00Vc1X9v36aUQ7AWoxYdgWEmCpUsdRVulbKJBVFT09", "refresh_token": "1//04JVEnInzRiLbCgYIARAAGAQSNwF-L9Ir0V2XajnOtKeSvvXiZcfC43vwtrNIB6PjjgN8KPrJHmKLNbu1kow0GJDGhlSQZEaMc24", "token_uri": "https://oauth2.googleapis.com/token", "client_id": "1020182257770-ugjautuckctvci7faau6aiktfn3lq8d2.apps.googleusercontent.com", "client_secret": "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", "scopes": ["https://www.googleapis.com/auth/calendar"], "expiry": "2022-01-13T05:09:25.860765Z"}