{"token": "ya29.a0ARrdaM9El1hzonVRtPm-fkbUEXI-1psQ-cUR_8LbNvJfzDLf4rMER4qWojfLW7nZj2q_uBKuQEqve3L8ua6iWaP8tISWS-CKrjVJ8_TkY8mT8vD-V_TPLHmlrI5Hrab_xiNQUvR_vVN_8W-RHCN1vZ7-RtZQLQ", "refresh_token": "1//04Brl6JWKBTOVCgYIARAAGAQSNwF-L9Irnt5BxWUzKARHWOaMXNKg8c-wyyPyHrbQYV33v_XSgL-qgfHRQ5ZW7NonV_ZhQ2gotXw", "token_uri": "https://oauth2.googleapis.com/token", "client_id": "1020182257770-ugjautuckctvci7faau6aiktfn3lq8d2.apps.googleusercontent.com", "client_secret": "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", "scopes": ["https://www.googleapis.com/auth/calendar.readonly"], "expiry": "2021-11-22T20:25:22.047598Z"}