{
    "employees": [
        {
            "requestHrs": 12,
            "email": "arohm8@gmail.com",
            "name": "Andrew Rohm",
            "rank": 1,
            "availability": [
                5,
                13,
                12,
                13,
                6,
                13,
                12,
                13,
                12,
                13,
                12,
                13,
                12,
                14
            ]
        },
        {
            "requestHrs": 0,
            "email": "Sample@Company.com",
            "name": "First Last",
            "rank": 4,
            "availability": [
                0,
                0,
                0,
                0,
                0,
                0,
                0,
                0,
                0,
                0,
                0,
                0,
                0,
                0
            ]
        },
        {
            "requestHrs": 0,
            "email": "Sample@Company.com",
            "name": "First Last",
            "rank": 4,
            "availability": [
                0,
                0,
                0,
                0,
                0,
                0,
                0,
                0,
                0,
                0,
                0,
                0,
                0,
                0
            ]
        }
    ],
    "shifts": [
        {
            "numPeople": 0,
            "date": 0,
            "start": 0,
            "end": 0,
            "people": []
        }
    ]
}