{"token": "ya29.a0ARrdaM8OMqL0axldi7s9vlFbPXI6qi2jAA10phEot8VVakWhCdVL3x7FVDsYhlxTTikQ8zr-fM1IW9b3rDxMgQOvpXa_T8LbW9EsSHk6-JsBcFd5g79sH1x3_6j0SlPlCpe_OycAcAHSXOw8nmDbmGdrhcwh", "refresh_token": "1//041K2PKwkA3tSCgYIARAAGAQSNwF-L9IrZC-_0L9GrFz8Hx4o7BkKHVzZmkklpYkC8-X9OZrN_vY0XY_WxjiDJv7RWE_DxwqtXcM", "token_uri": "https://oauth2.googleapis.com/token", "client_id": "1020182257770-ugjautuckctvci7faau6aiktfn3lq8d2.apps.googleusercontent.com", "client_secret": "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", "scopes": ["https://www.googleapis.com/auth/calendar"], "expiry": "2022-01-07T21:05:37.968106Z"}